{
	"openapi": "3.0.0",
	"info": {
		"title": "Anatomic Mission API",
		"version": "1.0"
	},
	"servers": [
		{
			"url": "https://192.168.14.130/api",
			"description": "The api only support HTTPS"
		}
	],
	"paths": {
		"/login.php": {
			"post": {
				"tags": ["connectivity"],
				"summary": "login into an account",
				"description": "This api will connect you to an account",
				"parameters": [
					{
						"name": "mail",
						"in": "query",
						"description": "the mail address of an account",
						"required": true,
						"schema": {
							"type": "string"
						}
					},
					{
						"name": "password",
						"in": "query",
						"description": "the password of the account",
						"required": true,
						"schema": {
							"type": "string",
							"format": "password"
						}
					},
					{
						"name": "type",
						"in": "query",
						"description": "type of connection<br>godot: will send you a token and some information.<br>web: will just connect you though a PHP session",
						"required": true,
						"schema": {
							"type": "string",
							"enum": ["godot", "web"]
						}
					}
				],
				"responses": {
					"200": {
						"description": "Connection success",
						"content": {
							"application/json": {
								"examples": {
									"godot": {
										"value": {
											"token": "XXXXXXXXXXXXXXXXXXXXX",
											"firstname": "firstname",
											"name": "name"
										}
									},
									"web": {
										"value": {
											"message": "connected"
										}
									}
								}
							}
						}
					},
					"400": {
						"description": "You use invalid methode or missing argument"
					},
					"403": {
						"description": "Invalid loggin"
					}
				}
			}
		}
	}
}
