[
    { "dest_city": "Tokyo", "dest_country": "Japan" },
    { "dest_city": "Kyoto", "dest_country": "Japan" },
    { "dest_city": "Osaka", "dest_country": "Japan" },
    { "dest_city": "Seoul", "dest_country": "South Korea" },
    { "dest_city": "Busan", "dest_country": "South Korea" },
    { "dest_city": "Jeju", "dest_country": "South Korea" },
    { "dest_city": "Fukuoka", "dest_country": "Japan" },
    { "dest_city": "Hiroshima", "dest_country": "Japan" },
    { "dest_city": "Nagasaki", "dest_country": "Japan" },
    { "dest_city": "Daegu", "dest_country": "South Korea" },
    { "dest_city": "Incheon", "dest_country": "South Korea" },
    { "dest_city": "Gyeongju", "dest_country": "South Korea" },
    { "dest_city": "Sapporo", "dest_country": "Japan" },
    { "dest_city": "Nagoya", "dest_country": "Japan" },
    { "dest_city": "Ulsan", "dest_country": "South Korea" }
]
