[
    {
        "groupe": 1,
        "leader": "",
        "list_participant": [],
        "dest_country": "",
        "parcours": []
    },
    {
        "groupe": 2,
        "leader": "",
        "list_participant": [],
        "dest_country": "",
        "parcours": []
    },
    {
        "groupe": 3,
        "leader": "",
        "list_participant": [],
        "dest_country": "",
        "parcours": []
    },
    {
        "groupe": 4,
        "leader": "",
        "list_participant": [],
        "dest_country": "",
        "parcours": []
    },
    {
        "groupe": 5,
        "leader": "",
        "list_participant": [],
        "dest_country": "",
        "parcours": []
    }
]
