{
  "participants": [
    {
      "id": 1,
      "firstname": "Fredericka",
      "lastname": "Roxanna",
      "email": "fredericka.roxanna@gmail.com",
      "status": "student",
      "hometown": "Paris (FR)",
      "id_groupe": 1
    },
    {
      "id": 2,
      "firstname": "Barbara",
      "lastname": "Harday",
      "email": "barbara.harday@gmail.com",
      "status": "jobless",
      "hometown": "Lyon (FR)",
      "id_groupe": 1
    },
    {
      "id": 3,
      "firstname": "Annaliese",
      "lastname": "Tybald",
      "email": "annaliese.tybald@gmail.com",
      "status": "leader",
      "hometown": "Marseille (FR)",
      "id_groupe": 1
    },
    {
      "id": 4,
      "firstname": "Tracey",
      "lastname": "Alexandr",
      "email": "tracey.alexandr@gmail.com",
      "status": "worker",
      "hometown": "Toulouse (FR)",
      "id_groupe": 1
    },
    {
      "id": 5,
      "firstname": "Ofilia",
      "lastname": "Alarise",
      "email": "ofilia.alarise@gmail.com",
      "status": "student",
      "hometown": "Bordeaux (FR)",
      "id_groupe": 1
    },
    {
      "id": 6,
      "firstname": "Moyna",
      "lastname": "Hamil",
      "email": "moyna.hamil@gmail.com",
      "status": "jobless",
      "hometown": "Berlin (DE)",
      "id_groupe": 1
    },
    {
      "id": 7,
      "firstname": "Blake",
      "lastname": "Bach",
      "email": "blake.bach@gmail.com",
      "status": "worker",
      "hometown": "Munich (DE)",
      "id_groupe": 1
    },
    {
      "id": 8,
      "firstname": "Fanny",
      "lastname": "Orlene",
      "email": "fanny.orlene@gmail.com",
      "status": "student",
      "hometown": "Hamburg (DE)",
      "id_groupe": 1
    },
    {
      "id": 9,
      "firstname": "Henriette",
      "lastname": "Ruvolo",
      "email": "henriette.ruvolo@gmail.com",
      "status": "leader",
      "hometown": "Frankfurt (DE)",
      "id_groupe": 1
    },
    {
      "id": 10,
      "firstname": "Kimberley",
      "lastname": "Urania",
      "email": "kimberley.urania@gmail.com",
      "status": "worker",
      "hometown": "Cologne (DE)",
      "id_groupe": 1
    },
    {
      "id": 11,
      "firstname": "Dennie",
      "lastname": "Blisse",
      "email": "dennie.blisse@gmail.com",
      "status": "leader",
      "hometown": "Rome (IT)",
      "id_groupe": 2
    },
    {
      "id": 12,
      "firstname": "Aurelie",
      "lastname": "Fadiman",
      "email": "aurelie.fadiman@gmail.com",
      "status": "student",
      "hometown": "Milan (IT)",
      "id_groupe": 2
    },
    {
      "id": 13,
      "firstname": "Blake",
      "lastname": "Bach",
      "email": "blake.bach@gmail.com",
      "status": "worker",
      "hometown": "Naples (IT)",
      "id_groupe": 2
    },
    {
      "id": 14,
      "firstname": "Cacilie",
      "lastname": "Pitt",
      "email": "cacilie.pitt@gmail.com",
      "status": "leader",
      "hometown": "Florence (IT)",
      "id_groupe": 2
    },
    {
      "id": 15,
      "firstname": "Drucie",
      "lastname": "Nunci",
      "email": "drucie.nunci@gmail.com",
      "status": "jobless",
      "hometown": "Venice (IT)",
      "id_groupe": 2
    },
    {
      "id": 16,
      "firstname": "Hugo",
      "lastname": "Arnold",
      "email": "hugo.arnold@gmail.com",
      "status": "worker",
      "hometown": "London (GB)",
      "id_groupe": 2
    },
    {
      "id": 17,
      "firstname": "Irene",
      "lastname": "Meadows",
      "email": "irene.meadows@gmail.com",
      "status": "student",
      "hometown": "Manchester (GB)",
      "id_groupe": 2
    },
    {
      "id": 18,
      "firstname": "Sophie",
      "lastname": "Plum",
      "email": "sophie.plum@gmail.com",
      "status": "worker",
      "hometown": "Birmingham (GB)",
      "id_groupe": 2
    },
    {
      "id": 19,
      "firstname": "Lena",
      "lastname": "Spencer",
      "email": "lena.spencer@gmail.com",
      "status": "student",
      "hometown": "Bristol (GB)",
      "id_groupe": 2
    },
    {
      "id": 20,
      "firstname": "Amelia",
      "lastname": "Greene",
      "email": "amelia.greene@gmail.com",
      "status": "jobless",
      "hometown": "Leeds (GB)",
      "id_groupe": 2
    },
    {
      "id": 21,
      "firstname": "George",
      "lastname": "Harrison",
      "email": "george.harrison@gmail.com",
      "status": "worker",
      "hometown": "New York (US)",
      "id_groupe": 3
    },
    {
      "id": 22,
      "firstname": "Harriet",
      "lastname": "Mills",
      "email": "harriet.mills@gmail.com",
      "status": "leader",
      "hometown": "Los Angeles (US)",
      "id_groupe": 3
    },
    {
      "id": 23,
      "firstname": "Liam",
      "lastname": "Stewart",
      "email": "liam.stewart@gmail.com",
      "status": "student",
      "hometown": "Chicago (US)",
      "id_groupe": 3
    },
    {
      "id": 24,
      "firstname": "Ella",
      "lastname": "Curtis",
      "email": "ella.curtis@gmail.com",
      "status": "worker",
      "hometown": "Houston (US)",
      "id_groupe": 3
    },
    {
      "id": 25,
      "firstname": "Jack",
      "lastname": "Palmer",
      "email": "jack.palmer@gmail.com",
      "status": "student",
      "hometown": "San Francisco (US)",
      "id_groupe": 3
    },
    {
      "id": 26,
      "firstname": "Lilly",
      "lastname": "Bates",
      "email": "lilly.bates@gmail.com",
      "status": "worker",
      "hometown": "Vancouver (CA)",
      "id_groupe": 3
    },
    {
      "id": 27,
      "firstname": "William",
      "lastname": "Bowman",
      "email": "william.bowman@gmail.com",
      "status": "jobless",
      "hometown": "Montreal (CA)",
      "id_groupe": 3
    },
    {
      "id": 28,
      "firstname": "Toby",
      "lastname": "Richardson",
      "email": "toby.richardson@gmail.com",
      "status": "student",
      "hometown": "Toronto (CA)",
      "id_groupe": 3
    },
    {
      "id": 29,
      "firstname": "Mia",
      "lastname": "Webb",
      "email": "mia.webb@gmail.com",
      "status": "worker",
      "hometown": "Calgary (CA)",
      "id_groupe": 3
    },
    {
      "id": 30,
      "firstname": "Grace",
      "lastname": "Hunt",
      "email": "grace.hunt@gmail.com",
      "status": "leader",
      "hometown": "Ottawa (CA)",
      "id_groupe": 3
    },
    {
      "id": 31,
      "firstname": "Ben",
      "lastname": "Wood",
      "email": "ben.wood@gmail.com",
      "status": "leader",
      "hometown": "Stockholm (SE)",
      "id_groupe": 4
    },
    {
      "id": 32,
      "firstname": "Clara",
      "lastname": "Fleming",
      "email": "clara.fleming@gmail.com",
      "status": "student",
      "hometown": "Gothenburg (SE)",
      "id_groupe": 4
    },
    {
      "id": 33,
      "firstname": "Ryan",
      "lastname": "Morris",
      "email": "ryan.morris@gmail.com",
      "status": "worker",
      "hometown": "Malmo (SE)",
      "id_groupe": 4
    },
    {
      "id": 34,
      "firstname": "Isla",
      "lastname": "Craig",
      "email": "isla.craig@gmail.com",
      "status": "student",
      "hometown": "Uppsala (SE)",
      "id_groupe": 4
    },
    {
      "id": 35,
      "firstname": "Oliver",
      "lastname": "Parker",
      "email": "oliver.parker@gmail.com",
      "status": "worker",
      "hometown": "Lund (SE)",
      "id_groupe": 4
    },
    {
      "id": 36,
      "firstname": "Eva",
      "lastname": "Fox",
      "email": "eva.fox@gmail.com",
      "status": "jobless",
      "hometown": "Madrid (ES)",
      "id_groupe": 4
    },
    {
      "id": 37,
      "firstname": "Kieran",
      "lastname": "Cole",
      "email": "kieran.cole@gmail.com",
      "status": "worker",
      "hometown": "Barcelona (ES)",
      "id_groupe": 4
    },
    {
      "id": 38,
      "firstname": "Sophie",
      "lastname": "Hughes",
      "email": "sophie.hughes@gmail.com",
      "status": "student",
      "hometown": "Valencia (ES)",
      "id_groupe": 4
    },
    {
      "id": 39,
      "firstname": "Eva",
      "lastname": "Sharp",
      "email": "eva.sharp@gmail.com",
      "status": "student",
      "hometown": "Seville (ES)",
      "id_groupe": 4
    },
    {
      "id": 40,
      "firstname": "Louise",
      "lastname": "Curtis",
      "email": "louise.curtis@gmail.com",
      "status": "worker",
      "hometown": "Bilbao (ES)",
      "id_groupe": 0
    },
    {
      "id": 41,
      "firstname": "Matthew",
      "lastname": "Burns",
      "email": "matthew.burns@gmail.com",
      "status": "worker",
      "hometown": "Portsmouth (GB)",
      "id_groupe": 5
    },
    {
      "id": 42,
      "firstname": "Natalie",
      "lastname": "Mason",
      "email": "natalie.mason@gmail.com",
      "status": "student",
      "hometown": "Manchester (GB)",
      "id_groupe": 5
    },
    {
      "id": 43,
      "firstname": "Charlotte",
      "lastname": "Jackson",
      "email": "charlotte.jackson@gmail.com",
      "status": "leader",
      "hometown": "New York (US)",
      "id_groupe": 5
    },
    {
      "id": 44,
      "firstname": "Victoria",
      "lastname": "Moore",
      "email": "victoria.moore@gmail.com",
      "status": "student",
      "hometown": "Sydney (AU)",
      "id_groupe": 5
    },
    {
      "id": 45,
      "firstname": "Daniel",
      "lastname": "White",
      "email": "daniel.white@gmail.com",
      "status": "jobless",
      "hometown": "Brisbane (AU)",
      "id_groupe": 5
    },
    {
      "id": 46,
      "firstname": "Zoe",
      "lastname": "Martin",
      "email": "zoe.martin@gmail.com",
      "status": "worker",
      "hometown": "London (GB)",
      "id_groupe": 5
    },
    {
      "id": 47,
      "firstname": "Oscar",
      "lastname": "Scott",
      "email": "oscar.scott@gmail.com",
      "status": "worker",
      "hometown": "Vancouver (CA)",
      "id_groupe": 5
    },
    {
      "id": 48,
      "firstname": "Cleo",
      "lastname": "Morris",
      "email": "cleo.morris@gmail.com",
      "status": "jobless",
      "hometown": "Helsinki (FI)",
      "id_groupe": 5
    },
    {
      "id": 49,
      "firstname": "Sophie",
      "lastname": "Baker",
      "email": "sophie.baker@gmail.com",
      "status": "student",
      "hometown": "New York (US)",
      "id_groupe": 5
    },
    {
      "id": 50,
      "firstname": "George",
      "lastname": "Cooper",
      "email": "george.cooper@gmail.com",
      "status": "worker",
      "hometown": "Paris (FR)",
      "id_groupe": 5
    }
  ],
  "groupes": [
    {
      "groupe": 1,
      "leader": "Annaliese Tybald",
      "list_participant": [
        {
          "id": 1,
          "firstname": "Fredericka",
          "lastname": "Roxanna",
          "email": "fredericka.roxanna@gmail.com",
          "status": "student",
          "hometown": "Paris (FR)",
          "id_groupe": 1
        },
        {
          "id": 2,
          "firstname": "Barbara",
          "lastname": "Harday",
          "email": "barbara.harday@gmail.com",
          "status": "jobless",
          "hometown": "Lyon (FR)",
          "id_groupe": 1
        },
        {
          "id": 3,
          "firstname": "Annaliese",
          "lastname": "Tybald",
          "email": "annaliese.tybald@gmail.com",
          "status": "leader",
          "hometown": "Marseille (FR)",
          "id_groupe": 1
        },
        {
          "id": 4,
          "firstname": "Tracey",
          "lastname": "Alexandr",
          "email": "tracey.alexandr@gmail.com",
          "status": "worker",
          "hometown": "Toulouse (FR)",
          "id_groupe": 1
        },
        {
          "id": 5,
          "firstname": "Ofilia",
          "lastname": "Alarise",
          "email": "ofilia.alarise@gmail.com",
          "status": "student",
          "hometown": "Bordeaux (FR)",
          "id_groupe": 1
        },
        {
          "id": 6,
          "firstname": "Moyna",
          "lastname": "Hamil",
          "email": "moyna.hamil@gmail.com",
          "status": "jobless",
          "hometown": "Berlin (DE)",
          "id_groupe": 1
        },
        {
          "id": 7,
          "firstname": "Blake",
          "lastname": "Bach",
          "email": "blake.bach@gmail.com",
          "status": "worker",
          "hometown": "Munich (DE)",
          "id_groupe": 1
        },
        {
          "id": 8,
          "firstname": "Fanny",
          "lastname": "Orlene",
          "email": "fanny.orlene@gmail.com",
          "status": "student",
          "hometown": "Hamburg (DE)",
          "id_groupe": 1
        },
        {
          "id": 9,
          "firstname": "Henriette",
          "lastname": "Ruvolo",
          "email": "henriette.ruvolo@gmail.com",
          "status": "leader",
          "hometown": "Frankfurt (DE)",
          "id_groupe": 1
        },
        {
          "id": 10,
          "firstname": "Kimberley",
          "lastname": "Urania",
          "email": "kimberley.urania@gmail.com",
          "status": "worker",
          "hometown": "Cologne (DE)",
          "id_groupe": 1
        }
      ],
      "dest_country": "South Korea",
      "parcours": [
        {
          "dest": [
            {
              "id": 12,
              "dest_city": "Gyeongju",
              "dest_country": "South Korea"
            },
            {
              "id": 4,
              "dest_city": "Seoul",
              "dest_country": "South Korea"
            },
            {
              "id": 5,
              "dest_city": "Busan",
              "dest_country": "South Korea"
            }
          ],
          "date_debut": "2024-12-01",
          "date_fin": "2024-12-10"
        }
      ]
    },
    {
      "groupe": 2,
      "leader": "Dennie Blisse",
      "list_participant": [
        {
          "id": 11,
          "firstname": "Dennie",
          "lastname": "Blisse",
          "email": "dennie.blisse@gmail.com",
          "status": "leader",
          "hometown": "Rome (IT)",
          "id_groupe": 2
        },
        {
          "id": 12,
          "firstname": "Aurelie",
          "lastname": "Fadiman",
          "email": "aurelie.fadiman@gmail.com",
          "status": "student",
          "hometown": "Milan (IT)",
          "id_groupe": 2
        },
        {
          "id": 13,
          "firstname": "Blake",
          "lastname": "Bach",
          "email": "blake.bach@gmail.com",
          "status": "worker",
          "hometown": "Naples (IT)",
          "id_groupe": 2
        },
        {
          "id": 14,
          "firstname": "Cacilie",
          "lastname": "Pitt",
          "email": "cacilie.pitt@gmail.com",
          "status": "leader",
          "hometown": "Florence (IT)",
          "id_groupe": 2
        },
        {
          "id": 15,
          "firstname": "Drucie",
          "lastname": "Nunci",
          "email": "drucie.nunci@gmail.com",
          "status": "jobless",
          "hometown": "Venice (IT)",
          "id_groupe": 2
        },
        {
          "id": 16,
          "firstname": "Hugo",
          "lastname": "Arnold",
          "email": "hugo.arnold@gmail.com",
          "status": "worker",
          "hometown": "London (GB)",
          "id_groupe": 2
        },
        {
          "id": 17,
          "firstname": "Irene",
          "lastname": "Meadows",
          "email": "irene.meadows@gmail.com",
          "status": "student",
          "hometown": "Manchester (GB)",
          "id_groupe": 2
        },
        {
          "id": 18,
          "firstname": "Sophie",
          "lastname": "Plum",
          "email": "sophie.plum@gmail.com",
          "status": "worker",
          "hometown": "Birmingham (GB)",
          "id_groupe": 2
        },
        {
          "id": 19,
          "firstname": "Lena",
          "lastname": "Spencer",
          "email": "lena.spencer@gmail.com",
          "status": "student",
          "hometown": "Bristol (GB)",
          "id_groupe": 2
        },
        {
          "id": 20,
          "firstname": "Amelia",
          "lastname": "Greene",
          "email": "amelia.greene@gmail.com",
          "status": "jobless",
          "hometown": "Leeds (GB)",
          "id_groupe": 2
        }
      ],
      "dest_country": "South Korea, Japan",
      "parcours": [
        {
          "dest": [
            {
              "id": 10,
              "dest_city": "Daegu",
              "dest_country": "South Korea"
            },
            {
              "id": 13,
              "dest_city": "Sapporo",
              "dest_country": "Japan"
            },
            {
              "id": 1,
              "dest_city": "Tokyo",
              "dest_country": "Japan"
            }
          ],
          "date_debut": "2024-12-01",
          "date_fin": "2024-12-10"
        }
      ]
    },
    {
      "groupe": 3,
      "leader": "Harriet Mills",
      "list_participant": [
        {
          "id": 21,
          "firstname": "George",
          "lastname": "Harrison",
          "email": "george.harrison@gmail.com",
          "status": "worker",
          "hometown": "New York (US)",
          "id_groupe": 3
        },
        {
          "id": 22,
          "firstname": "Harriet",
          "lastname": "Mills",
          "email": "harriet.mills@gmail.com",
          "status": "leader",
          "hometown": "Los Angeles (US)",
          "id_groupe": 3
        },
        {
          "id": 23,
          "firstname": "Liam",
          "lastname": "Stewart",
          "email": "liam.stewart@gmail.com",
          "status": "student",
          "hometown": "Chicago (US)",
          "id_groupe": 3
        },
        {
          "id": 24,
          "firstname": "Ella",
          "lastname": "Curtis",
          "email": "ella.curtis@gmail.com",
          "status": "worker",
          "hometown": "Houston (US)",
          "id_groupe": 3
        },
        {
          "id": 25,
          "firstname": "Jack",
          "lastname": "Palmer",
          "email": "jack.palmer@gmail.com",
          "status": "student",
          "hometown": "San Francisco (US)",
          "id_groupe": 3
        },
        {
          "id": 26,
          "firstname": "Lilly",
          "lastname": "Bates",
          "email": "lilly.bates@gmail.com",
          "status": "worker",
          "hometown": "Vancouver (CA)",
          "id_groupe": 3
        },
        {
          "id": 27,
          "firstname": "William",
          "lastname": "Bowman",
          "email": "william.bowman@gmail.com",
          "status": "jobless",
          "hometown": "Montreal (CA)",
          "id_groupe": 3
        },
        {
          "id": 28,
          "firstname": "Toby",
          "lastname": "Richardson",
          "email": "toby.richardson@gmail.com",
          "status": "student",
          "hometown": "Toronto (CA)",
          "id_groupe": 3
        },
        {
          "id": 29,
          "firstname": "Mia",
          "lastname": "Webb",
          "email": "mia.webb@gmail.com",
          "status": "worker",
          "hometown": "Calgary (CA)",
          "id_groupe": 3
        },
        {
          "id": 30,
          "firstname": "Grace",
          "lastname": "Hunt",
          "email": "grace.hunt@gmail.com",
          "status": "leader",
          "hometown": "Ottawa (CA)",
          "id_groupe": 3
        }
      ],
      "dest_country": "South Korea, Japan",
      "parcours": [
        {
          "dest": [
            {
              "id": 5,
              "dest_city": "Busan",
              "dest_country": "South Korea"
            },
            {
              "id": 6,
              "dest_city": "Jeju",
              "dest_country": "South Korea"
            },
            {
              "id": 13,
              "dest_city": "Sapporo",
              "dest_country": "Japan"
            }
          ],
          "date_debut": "2024-12-01",
          "date_fin": "2024-12-10"
        }
      ]
    },
    {
      "groupe": 4,
      "leader": "Ben Wood",
      "list_participant": [
        {
          "id": 31,
          "firstname": "Ben",
          "lastname": "Wood",
          "email": "ben.wood@gmail.com",
          "status": "leader",
          "hometown": "Stockholm (SE)",
          "id_groupe": 4
        },
        {
          "id": 32,
          "firstname": "Clara",
          "lastname": "Fleming",
          "email": "clara.fleming@gmail.com",
          "status": "student",
          "hometown": "Gothenburg (SE)",
          "id_groupe": 4
        },
        {
          "id": 33,
          "firstname": "Ryan",
          "lastname": "Morris",
          "email": "ryan.morris@gmail.com",
          "status": "worker",
          "hometown": "Malmo (SE)",
          "id_groupe": 4
        },
        {
          "id": 34,
          "firstname": "Isla",
          "lastname": "Craig",
          "email": "isla.craig@gmail.com",
          "status": "student",
          "hometown": "Uppsala (SE)",
          "id_groupe": 4
        },
        {
          "id": 35,
          "firstname": "Oliver",
          "lastname": "Parker",
          "email": "oliver.parker@gmail.com",
          "status": "worker",
          "hometown": "Lund (SE)",
          "id_groupe": 4
        },
        {
          "id": 36,
          "firstname": "Eva",
          "lastname": "Fox",
          "email": "eva.fox@gmail.com",
          "status": "jobless",
          "hometown": "Madrid (ES)",
          "id_groupe": 4
        },
        {
          "id": 37,
          "firstname": "Kieran",
          "lastname": "Cole",
          "email": "kieran.cole@gmail.com",
          "status": "worker",
          "hometown": "Barcelona (ES)",
          "id_groupe": 4
        },
        {
          "id": 38,
          "firstname": "Sophie",
          "lastname": "Hughes",
          "email": "sophie.hughes@gmail.com",
          "status": "student",
          "hometown": "Valencia (ES)",
          "id_groupe": 4
        },
        {
          "id": 39,
          "firstname": "Eva",
          "lastname": "Sharp",
          "email": "eva.sharp@gmail.com",
          "status": "student",
          "hometown": "Seville (ES)",
          "id_groupe": 4
        }
      ],
      "dest_country": "Japan",
      "parcours": [
        {
          "dest": [
            {
              "id": 14,
              "dest_city": "Nagoya",
              "dest_country": "Japan"
            },
            {
              "id": 10,
              "dest_city": "Daegu",
              "dest_country": "South Korea"
            },
            {
              "id": 11,
              "dest_city": "Incheon",
              "dest_country": "South Korea"
            }
          ],
          "date_debut": "2024-12-01",
          "date_fin": "2024-12-10"
        },
        {
          "dest": [
            {
              "id": 3,
              "dest_city": "Osaka",
              "dest_country": "Japan"
            }
          ],
          "date_debut": "string",
          "date_fin": "string"
        }
      ]
    },
    {
      "groupe": 5,
      "leader": "Charlotte Jackson",
      "list_participant": [
        {
          "id": 41,
          "firstname": "Matthew",
          "lastname": "Burns",
          "email": "matthew.burns@gmail.com",
          "status": "worker",
          "hometown": "Portsmouth (GB)",
          "id_groupe": 5
        },
        {
          "id": 42,
          "firstname": "Natalie",
          "lastname": "Mason",
          "email": "natalie.mason@gmail.com",
          "status": "student",
          "hometown": "Manchester (GB)",
          "id_groupe": 5
        },
        {
          "id": 43,
          "firstname": "Charlotte",
          "lastname": "Jackson",
          "email": "charlotte.jackson@gmail.com",
          "status": "leader",
          "hometown": "New York (US)",
          "id_groupe": 5
        },
        {
          "id": 44,
          "firstname": "Victoria",
          "lastname": "Moore",
          "email": "victoria.moore@gmail.com",
          "status": "student",
          "hometown": "Sydney (AU)",
          "id_groupe": 5
        },
        {
          "id": 45,
          "firstname": "Daniel",
          "lastname": "White",
          "email": "daniel.white@gmail.com",
          "status": "jobless",
          "hometown": "Brisbane (AU)",
          "id_groupe": 5
        },
        {
          "id": 46,
          "firstname": "Zoe",
          "lastname": "Martin",
          "email": "zoe.martin@gmail.com",
          "status": "worker",
          "hometown": "London (GB)",
          "id_groupe": 5
        },
        {
          "id": 47,
          "firstname": "Oscar",
          "lastname": "Scott",
          "email": "oscar.scott@gmail.com",
          "status": "worker",
          "hometown": "Vancouver (CA)",
          "id_groupe": 5
        },
        {
          "id": 48,
          "firstname": "Cleo",
          "lastname": "Morris",
          "email": "cleo.morris@gmail.com",
          "status": "jobless",
          "hometown": "Helsinki (FI)",
          "id_groupe": 5
        },
        {
          "id": 49,
          "firstname": "Sophie",
          "lastname": "Baker",
          "email": "sophie.baker@gmail.com",
          "status": "student",
          "hometown": "New York (US)",
          "id_groupe": 5
        },
        {
          "id": 50,
          "firstname": "George",
          "lastname": "Cooper",
          "email": "george.cooper@gmail.com",
          "status": "worker",
          "hometown": "Paris (FR)",
          "id_groupe": 5
        }
      ],
      "dest_country": "South Korea, Japan",
      "parcours": [
        {
          "dest": [
            {
              "id": 12,
              "dest_city": "Gyeongju",
              "dest_country": "South Korea"
            },
            {
              "id": 14,
              "dest_city": "Nagoya",
              "dest_country": "Japan"
            },
            {
              "id": 2,
              "dest_city": "Kyoto",
              "dest_country": "Japan"
            }
          ],
          "date_debut": "2024-12-01",
          "date_fin": "2024-12-10"
        }
      ]
    }
  ],
  "destinations": [
    {
      "id": 12,
      "dest_city": "Gyeongju",
      "dest_country": "South Korea"
    },
    {
      "id": 14,
      "dest_city": "Nagoya",
      "dest_country": "Japan"
    },
    {
      "id": 2,
      "dest_city": "Kyoto",
      "dest_country": "Japan"
    },
    {
      "id": 10,
      "dest_city": "Daegu",
      "dest_country": "South Korea"
    },
    {
      "id": 15,
      "dest_city": "Ulsan",
      "dest_country": "South Korea"
    },
    {
      "id": 11,
      "dest_city": "Incheon",
      "dest_country": "South Korea"
    },
    {
      "id": 3,
      "dest_city": "Osaka",
      "dest_country": "Japan"
    },
    {
      "id": 6,
      "dest_city": "Jeju",
      "dest_country": "South Korea"
    },
    {
      "id": 1,
      "dest_city": "Tokyo",
      "dest_country": "Japan"
    },
    {
      "id": 4,
      "dest_city": "Seoul",
      "dest_country": "South Korea"
    },
    {
      "id": 8,
      "dest_city": "Hiroshima",
      "dest_country": "Japan"
    },
    {
      "id": 5,
      "dest_city": "Busan",
      "dest_country": "South Korea"
    },
    {
      "id": 9,
      "dest_city": "Nagasaki",
      "dest_country": "Japan"
    },
    {
      "id": 13,
      "dest_city": "Sapporo",
      "dest_country": "Japan"
    },
    {
      "id": 7,
      "dest_city": "Fukuoka",
      "dest_country": "Japan"
    }
  ]
}