{
  "hash": "d0274491",
  "configHash": "ac7b54ff",
  "lockfileHash": "a0399ba8",
  "browserHash": "260f5f09",
  "optimized": {
    "@angular/common": {
      "src": "../../../../../node_modules/@angular/common/fesm2022/common.mjs",
      "file": "@angular_common.js",
      "fileHash": "4a609d2e",
      "needsInterop": false
    },
    "@angular/core": {
      "src": "../../../../../node_modules/@angular/core/fesm2022/core.mjs",
      "file": "@angular_core.js",
      "fileHash": "d30c96f6",
      "needsInterop": false
    },
    "@angular/fire/app": {
      "src": "../../../../../node_modules/@angular/fire/fesm2022/angular-fire-app.mjs",
      "file": "@angular_fire_app.js",
      "fileHash": "97bed975",
      "needsInterop": false
    },
    "@angular/fire/firestore": {
      "src": "../../../../../node_modules/@angular/fire/fesm2022/angular-fire-firestore.mjs",
      "file": "@angular_fire_firestore.js",
      "fileHash": "7a90a443",
      "needsInterop": false
    },
    "@angular/forms": {
      "src": "../../../../../node_modules/@angular/forms/fesm2022/forms.mjs",
      "file": "@angular_forms.js",
      "fileHash": "c6b4a728",
      "needsInterop": false
    },
    "@angular/platform-browser": {
      "src": "../../../../../node_modules/@angular/platform-browser/fesm2022/platform-browser.mjs",
      "file": "@angular_platform-browser.js",
      "fileHash": "5529569e",
      "needsInterop": false
    },
    "@angular/router": {
      "src": "../../../../../node_modules/@angular/router/fesm2022/router.mjs",
      "file": "@angular_router.js",
      "fileHash": "269dc15d",
      "needsInterop": false
    },
    "rxjs": {
      "src": "../../../../../node_modules/rxjs/dist/esm5/index.js",
      "file": "rxjs.js",
      "fileHash": "ebb32d7b",
      "needsInterop": false
    }
  },
  "chunks": {
    "chunk-Z3B6O3AC": {
      "file": "chunk-Z3B6O3AC.js"
    },
    "chunk-WKOQTBPI": {
      "file": "chunk-WKOQTBPI.js"
    },
    "chunk-ZJ5XMQWS": {
      "file": "chunk-ZJ5XMQWS.js"
    },
    "chunk-6U4KS4FS": {
      "file": "chunk-6U4KS4FS.js"
    },
    "chunk-S3BZ6AMJ": {
      "file": "chunk-S3BZ6AMJ.js"
    }
  }
}